"theme_slug";"title";"problem";"measure";"cost_estimate";"cost_unknown";"source_urls";"seed_source"
"economie";"Supprimer les taux réduits de TVA dont l’inefficacité est établie, ou les relever";"Les mesures dérogatoires au taux normal de TVA représentent une perte de recettes d’au moins 47 milliards d’euros, soit 24 % du rendement de la taxe. Ces taux réduits sont rarement précédés d’une étude d’impact et presque jamais évalués ensuite, alors que leur efficacité économique ou sociale est le plus souvent faible.";"Confier à une instance indépendante l’examen pluriannuel de chaque taux réduit de TVA (objectif poursuivi, résultats obtenus), puis supprimer les taux réduits dont les évaluations confirment l’inefficacité ou, à défaut de suppression, les relever à un taux supérieur du barème. Les recettes dégagées reviennent au budget de l’État, la TVA étant recentrée sur sa vocation de rendement (recommandations n° 4 et 5 du rapport).";"Les taux réduits coûtent au moins 47 milliards d’euros par an (CPO, 2023) ; le gain dépend des taux effectivement supprimés ou relevés.";"0";"https://www.ccomptes.fr/fr/publications/la-tva-une-taxe-recentrer-sur-son-objectif-de-rendement-pour-les-finances-publiques|https://www.ccomptes.fr/system/files/2023-02/20230209-TVA_0.pdf";"Conseil des prélèvements obligatoires, « La TVA, une taxe à recentrer sur son objectif de rendement pour les finances publiques », février 2023"
"economie";"Préférer des prestations ciblées à une baisse de TVA pour soutenir le pouvoir d’achat";"Une baisse de TVA profite à tous les consommateurs, y compris les plus aisés, et n’est répercutée que partiellement dans les prix. Pour un même coût budgétaire, elle soutient beaucoup moins les ménages modestes qu’un transfert direct.";"Écarter la baisse de TVA comme instrument de soutien au pouvoir d’achat et recourir à la place aux prestations sociales et aux transferts monétaires ciblés sur les ménages modestes (recommandation n° 8 du rapport). La même logique s’applique aux objectifs environnementaux ou de santé publique, pour lesquels les accises sont préférables à une modulation de la TVA.";"Mesure de méthode sans coût direct : elle évite des pertes de recettes de plusieurs milliards d’euros à chaque nouvelle baisse de taux (CPO, 2023).";"0";"https://www.ccomptes.fr/fr/publications/la-tva-une-taxe-recentrer-sur-son-objectif-de-rendement-pour-les-finances-publiques|https://www.ccomptes.fr/system/files/2023-02/20230209-TVA_0.pdf";"Conseil des prélèvements obligatoires, « La TVA, une taxe à recentrer sur son objectif de rendement pour les finances publiques », février 2023"
"economie";"Calculer les droits de succession sur l’ensemble des flux reçus au cours de la vie";"L’héritage redevient un facteur déterminant du patrimoine et il est extrêmement concentré, ce qui alimente les inégalités bien plus que les revenus du travail. Les droits sont aujourd’hui calculés transmission par transmission, ce qui traite différemment des héritiers ayant reçu les mêmes montants.";"Asseoir les droits de succession et de donation sur la somme des flux successoraux perçus par chaque individu tout au long de sa vie, et non sur chaque transmission prise isolément (recommandation n° 2 de la note). Cette assiette élargie permet des taux nominaux plus bas mais réellement progressifs. Selon les simulations du CAE, une réforme élargissant l’assiette tout en baissant les taux peut réduire les droits pour 99 % de la population et dégager un surplus de recettes.";"Selon le CAE, la réforme peut réduire les droits pour 99 % des héritiers tout en apportant un surplus de recettes substantiel ; le montant dépend du barème retenu.";"0";"https://cae-eco.fr/repenser-lheritage|https://cae-eco.fr/static/pdf/cae-note069.pdf";"Conseil d’analyse économique, note n° 69 « Repenser l’héritage » (Dherbécourt, Fack, Landais, Stantcheva), décembre 2021"
"economie";"Réformer les niches des droits de succession : assurance-vie, démembrement, pacte Dutreil";"Les principaux dispositifs d’exonération (assurance-vie, démembrement de propriété, pacte Dutreil à 75 %) réduisent fortement la progressivité des droits au profit des plus grosses transmissions. Environ 40 % du patrimoine transmis échappe au flux successoral connu des sources fiscales.";"Refondre l’assiette des droits de succession pour éliminer ou réformer les principales niches : régime de l’assurance-vie, démembrements de propriété et exonération Dutreil à 75 % (recommandation n° 3 de la note), en contrepartie de taux nominaux plus bas. Refonder parallèlement le système d’information de la DGFiP sur les donations et successions à partir des déclarations des notaires et des assureurs (recommandation n° 1).";"Le pacte Dutreil coûte de l’ordre de 2 à 3 milliards d’euros par an (estimation CAE pour 2018-2019) ; 40 % de l’actif transmis sous Dutreil concerne des pactes de plus de 60 millions d’euros.";"0";"https://cae-eco.fr/repenser-lheritage|https://cae-eco.fr/static/pdf/cae-note069.pdf";"Conseil d’analyse économique, note n° 69 « Repenser l’héritage » (Dherbécourt, Fack, Landais, Stantcheva), décembre 2021"
"economie";"Garantir un capital à chaque citoyen versé à la majorité";"Les inégalités de patrimoine hérité sont les plus extrêmes de toutes : une part importante de la population n’hérite de rien, quand une petite minorité reçoit des montants très élevés. Les droits de succession ne corrigent pas à eux seuls ces écarts d’opportunités.";"Instituer une garantie de capital pour tous, versée à la majorité sur la base de la citoyenneté, financée par la réforme des droits de succession et de donation (recommandation n° 4 de la note). Le CAE présente cette garantie comme le quatrième pilier d’une réforme d’ensemble, à traiter simultanément avec l’assiette, le barème et le système d’information.";"";"1";"https://cae-eco.fr/repenser-lheritage|https://cae-eco.fr/static/pdf/cae-note069.pdf";"Conseil d’analyse économique, note n° 69 « Repenser l’héritage » (Dherbécourt, Fack, Landais, Stantcheva), décembre 2021"
"economie";"Créer un prélèvement temporaire sur le patrimoine financier des ménages aisés pour financer la transition";"La neutralité carbone demande des investissements supplémentaires de l’ordre de 2,5 points de PIB en 2030, soit 70 milliards d’euros aux prix de 2021, dont une part publique importante, alors que les finances publiques sont déjà dégradées. Financer la transition par la seule dette aggraverait une situation précaire.";"Instituer un prélèvement dédié, explicitement temporaire et calibré à l’avance en fonction du coût anticipé de la transition pour les finances publiques, assis sur le patrimoine financier des ménages les plus aisés. Le rapport le présente comme l’un des quatre canaux de financement, à côté de la réallocation des dépenses, de l’endettement et d’une éventuelle hausse des prélèvements, et comme une réponse à l’impératif d’équité qui conditionne l’acceptation des efforts demandés.";"Besoin d’investissement supplémentaire de 2,5 points de PIB en 2030, soit 70 milliards d’euros aux prix de 2021 (rapport Pisani-Ferry–Mahfouz, 2023) ; le rendement du prélèvement dépend de son calibrage.";"0";"https://www.strategie-plan.gouv.fr/files/files/Publications/Rapport/2023-incidences-economiques-rapport-pisani-5juin.pdf|https://www.strategie-plan.gouv.fr/en/publications/economic-implications-climate-action";"France Stratégie, « Les incidences économiques de l’action pour le climat », rapport de Jean Pisani-Ferry et Selma Mahfouz, mai 2023"
"economie";"Adopter un programme pluriannuel d’économies pour ramener le déficit public sous 3 % du PIB en 2029";"Le déficit public a atteint 5,8 % du PIB en 2024, le plus élevé de la zone euro, après deux années de dérive. L’effort nécessaire pour repasser sous 3 % d’ici la fin de la décennie a doublé en deux ans et atteint près de 105 milliards d’euros, alors que des hausses de dépenses sont déjà programmées, notamment pour la défense.";"Documenter et voter un programme pluriannuel de mesures d’économies portant principalement sur la dépense publique, dont la progression hors charge de la dette et dépenses de crise explique l’essentiel du creusement du déficit, plutôt que sur des hausses d’impôts temporaires. La Cour relève qu’un retour sous 3 % ne suffira pas à garantir la soutenabilité de la dette et qu’un excédent primaire durable d’environ 1,1 point de PIB sera nécessaire.";"Effort d’ajustement estimé à près de 105 milliards d’euros à l’horizon 2029 (Cour des comptes, juillet 2025).";"0";"https://www.ccomptes.fr/fr/publications/la-situation-et-les-perspectives-des-finances-publiques-16|https://www.ccomptes.fr/sites/default/files/2025-07/20250702-synthese-RSPFP-2025.pdf";"Cour des comptes, « La situation et les perspectives des finances publiques », juillet 2025"
"economie";"Relever le barème de la taxe sur les boissons sucrées et l’étendre aux sirops et boissons végétales";"La contribution française sur les boissons sucrées et édulcorées reste moins ambitieuse que le barème britannique et n’a rapporté que 0,5 milliard d’euros en 2022, contre 4,3 milliards pour les boissons alcoolisées. Son effet sur la consommation de sucre demeure limité.";"À court terme, augmenter les barèmes des contributions sur les boissons sucrées et édulcorées et élargir leur champ aux boissons à base de soja et aux sirops. À moyen terme, étendre la fiscalité nutritionnelle au-delà des boissons, vers les produits sucrés ou contenant des additifs nocifs, en l’accompagnant d’une offre de substitution abordable pour les ménages modestes.";"Rendement actuel de 0,5 milliard d’euros par an (CPO, 2023) ; le surcroît de recettes dépend du barème retenu.";"0";"https://www.ccomptes.fr/fr/publications/la-fiscalite-nutritionnelle";"Conseil des prélèvements obligatoires, note « La fiscalité nutritionnelle », juillet 2023"
"emploi";"Recentrer l’aide à l’embauche d’apprentis sur les jeunes les moins qualifiés";"Les aides exceptionnelles créées pendant la crise sanitaire ont été pérennisées : l’aide unique de 6 000 euros par contrat est versée quel que soit le niveau de diplôme, jusqu’à bac + 5. L’apprentissage s’est surtout développé dans les formations tertiaires du supérieur, au détriment de l’artisanat, de la construction et de l’industrie.";"Mettre fin aux aides exceptionnelles et moduler le soutien public à l’apprentissage au profit des jeunes qui rencontrent le plus de difficultés d’insertion durable, en recentrant l’aide à l’embauche sur les formations de niveau bac et infra-bac et en abaissant son montant pour les niveaux supérieurs, sans restreindre le champ des formations ouvertes à l’apprentissage.";"Les aides à l’embauche d’apprentis ont coûté plus de 4 milliards d’euros en 2021 et 4,4 milliards en 2022 ; le soutien public à la formation professionnelle et à l’alternance a atteint 21,8 milliards d’euros en 2022 (Cour des comptes).";"0";"https://www.ccomptes.fr/fr/documents/65357|https://www.ccomptes.fr/system/files/2023-07/20230707-note-thematique-Soutien-public-formation-professionnelle-apprentissage.pdf";"Cour des comptes, note thématique « Recentrer le soutien public à la formation professionnelle et à l’apprentissage », contribution à la revue des dépenses publiques, juillet 2023"
"emploi";"Aligner les niveaux de prise en charge des contrats d’apprentissage sur leurs coûts réels";"Les niveaux de prise en charge des contrats d’apprentissage versés aux centres de formation dépassaient d’au moins 17 % les coûts réels constatés, ce qui pèse sur l’équilibre financier de France compétences.";"Réajuster les niveaux de prise en charge des contrats d’apprentissage sur les coûts réels observés dans les centres de formation, par étapes, et adapter le financement de l’investissement des CFA à la multiplication des plateaux techniques coûteux.";"Une baisse de 5 % des niveaux de prise en charge réduit la dépense d’environ 210 millions d’euros par an (Cour des comptes, 2023).";"0";"https://www.ccomptes.fr/fr/documents/65357|https://www.ccomptes.fr/system/files/2023-07/20230707-note-thematique-Soutien-public-formation-professionnelle-apprentissage.pdf";"Cour des comptes, note thématique « Recentrer le soutien public à la formation professionnelle et à l’apprentissage », contribution à la revue des dépenses publiques, juillet 2023"
"emploi";"Instaurer une participation du titulaire aux formations financées par le compte personnel de formation";"Les dépenses du compte personnel de formation ont atteint 2,5 milliards d’euros en 2022, avec une part d’achats impulsifs et de formations de faible utilité professionnelle. Le principe d’un reste à charge a été voté en loi de finances pour 2023.";"Appliquer une participation financière du titulaire à chaque mobilisation du compte personnel de formation, avec des exemptions pour les demandeurs d’emploi et les projets co-construits avec l’employeur, afin de responsabiliser les achats et de réorienter les financements vers les formations les plus utiles.";"Dépenses du CPF : 2,5 milliards d’euros en 2022 (Cour des comptes) ; l’économie dépend du taux de participation retenu.";"0";"https://www.ccomptes.fr/fr/documents/65357|https://www.ccomptes.fr/system/files/2023-07/20230707-note-thematique-Soutien-public-formation-professionnelle-apprentissage.pdf";"Cour des comptes, note thématique « Recentrer le soutien public à la formation professionnelle et à l’apprentissage », contribution à la revue des dépenses publiques, juillet 2023"
"emploi";"Investir dans la formation des salariés à partir de 50 ans";"Le taux d’emploi des 55-64 ans n’est que de 60,4 % en France contre 75,2 % en Allemagne. La France forme moins ses salariés, en particulier les seniors, que les pays où ils travaillent davantage, ce qui fragilise leur employabilité en fin de carrière.";"Développer l’investissement dans les compétences des seniors et dans la formation à partir de 50 ans, dans le secteur privé comme dans la fonction publique, pour maintenir l’employabilité des salariés les plus âgés (recommandation n° 4 du rapport).";"Selon les travaux cités par le Sénat, une hausse du taux d’emploi des seniors améliorerait le solde du système de retraite de l’ordre de 9 à 9,7 milliards d’euros par an.";"0";"https://www.senat.fr/notice-rapport/2024/r24-616-notice.html|https://www.senat.fr/rap/r24-616/r24-6161.pdf";"Sénat, commission des finances, rapport d’information n° 616 « L’emploi des seniors : une clé pour sauver la répartition ? » (Sylvie Vermeillet), mai 2025"
"emploi";"Développer les emplois adaptés et le temps partiel de fin de carrière pour les seniors";"Une part importante des allocataires seniors recherche un emploi proche du domicile, à temps partiel ou à durée limitée. Le marché du travail français offre peu de ces emplois, le temps partiel y étant bien moins développé qu’en Allemagne, ce qui pénalise le maintien et le retour des seniors en emploi.";"Encourager une culture du travail des seniors par la création d’emplois adaptés, notamment à temps partiel, qui répondent aux motivations de cette population (recommandation n° 5 du rapport), et faciliter les transitions emploi-retraite par la retraite progressive et le cumul emploi-retraite.";"";"1";"https://www.senat.fr/notice-rapport/2024/r24-616-notice.html|https://www.senat.fr/rap/r24-616/r24-6161.pdf|https://www.strategie-plan.gouv.fr/publications/emploi-des-seniors-comment-favoriser-lemploi-jusqua-la-retraite";"Sénat, commission des finances, rapport d’information n° 616 « L’emploi des seniors : une clé pour sauver la répartition ? » (Sylvie Vermeillet), mai 2025 ; France Stratégie, « Emploi des seniors : comment favoriser l’emploi jusqu’à la retraite ? », juillet 2026"
"emploi";"Fonder les objectifs du contrat d’engagement jeune sur un diagnostic des besoins par territoire";"Les cibles d’entrées en contrat d’engagement jeune, soit 300 000 par an, ont été fixées par reconduction d’objectifs antérieurs et sans diagnostic formalisé du nombre de jeunes éloignés de l’emploi, alors que la conjoncture a changé.";"Proportionner les cibles d’entrées assignées à chaque dispositif d’insertion à la réalité de l’emploi des jeunes dans chaque territoire, à partir d’un référentiel commun de diagnostic socio-professionnel, et concentrer l’effort de l’État sur les jeunes confrontés aux difficultés les plus lourdes, qui ont besoin d’un accompagnement intensif et d’incitations financières efficaces.";"";"1";"https://www.ccomptes.fr/fr/publications/le-rapport-public-annuel-2025|https://www.ccomptes.fr/sites/default/files/2025-03/20250319-RPA2025-volume1-emploi-des-jeunes_0.pdf";"Cour des comptes, rapport public annuel 2025, chapitre « L’emploi des jeunes », mars 2025"
"emploi";"Inscrire dans la durée le repérage des jeunes « invisibles » ni en emploi, ni en formation, ni accompagnés";"Les jeunes les plus éloignés des institutions, souvent défiants et peu confiants en leurs possibilités, sont difficiles à inscrire dans le cadre exigeant du contrat d’engagement jeune. Les démarches de repérage restent au stade expérimental.";"Faire du repérage et de la remobilisation des jeunes « invisibles » une démarche structurelle et lisible, conduite dans la durée et en partenariat entre le service public de l’emploi et les associations de quartier, au-delà des appels à projets expérimentaux.";"";"1";"https://www.ccomptes.fr/fr/publications/le-rapport-public-annuel-2025|https://www.ccomptes.fr/sites/default/files/2025-03/20250319-RPA2025-volume1-emploi-des-jeunes_0.pdf";"Cour des comptes, rapport public annuel 2025, chapitre « L’emploi des jeunes », mars 2025"
"emploi";"Recalibrer les allègements généraux de cotisations patronales pour redresser les comptes sociaux";"Les allègements généraux de cotisations sociales patronales ont presque quadruplé de 2014 à 2024 pour atteindre 77,3 milliards d’euros, sans que leurs objectifs (coût du travail, emploi, compétitivité) soient hiérarchisés ni leur efficacité démontrée à tous les niveaux de salaire.";"Calibrer le plafond d’éligibilité, l’assiette de calcul et le profil de la future réduction générale dégressive de cotisations dans l’objectif de contribuer au retour à l’équilibre financier de la sécurité sociale (recommandation n° 6), et faire assumer directement et intégralement par l’État la compensation des allègements à l’Agirc-Arrco et à l’Unédic (recommandation n° 7).";"Allègements généraux : 77,3 milliards d’euros en 2024 (Cour des comptes) ; le gain dépend du nouveau profil retenu.";"0";"https://www.ccomptes.fr/fr/publications/securite-sociale-2025|https://www.ccomptes.fr/sites/default/files/2025-05/20250526-synthese-RALFSS-2025.pdf";"Cour des comptes, « La sécurité sociale 2025 », rapport sur l’application des lois de financement de la sécurité sociale, mai 2025"
"sante";"Conditionner l’installation en zone bien dotée à un exercice à temps partiel en zone sous-dotée";"Plus de 6 millions de patients n’ont pas de médecin traitant et la France ne comptait plus que 209 000 médecins en activité en 2024, un point bas historique. Les incitations à l’installation n’ont pas corrigé les écarts entre territoires, alors que la régulation appliquée aux infirmiers depuis 2009 a réduit de moitié l’écart entre zones sur- et sous-dotées.";"Subordonner l’installation de nouveaux médecins dans les zones médicalement les mieux dotées à un exercice avancé à temps partiel dans les zones les moins bien dotées, en confiant à la profession le soin d’en définir les modalités, le législateur n’intervenant qu’en dernier recours (proposition n° 1 du rapport).";"";"1";"https://www.senat.fr/rap/r24-137/r24-137_mono.html|https://www.senat.fr/fileadmin/Presse/Documents_pdf/20241113_Essentiel_Deserts_medicaux.pdf";"Sénat, commission de l’aménagement du territoire, rapport d’information « Inégalités territoriales d’accès aux soins : aux grands maux, les grands remèdes » (Bruno Rojouan), novembre 2024"
"sante";"Instaurer un conventionnement sélectif des médecins par l’Assurance maladie à mesure que leurs effectifs augmentent";"Avec la fin du numerus clausus, le nombre de médecins va remonter après 2028. Sans cadre de régulation, rien ne garantit que les nouveaux praticiens s’installeront là où les besoins sont les plus forts, comme le montre l’exemple allemand de planification des besoins.";"Définir un cadre de régulation de l’installation plus ambitieux, appuyé sur le conventionnement sélectif par l’Assurance maladie, qui garantirait une répartition équilibrée des médecins sur le territoire au fur et à mesure de la hausse des effectifs formés.";"";"1";"https://www.senat.fr/rap/r24-137/r24-137_mono.html|https://www.senat.fr/fileadmin/Presse/Documents_pdf/20241113_Essentiel_Deserts_medicaux.pdf";"Sénat, commission de l’aménagement du territoire, rapport d’information « Inégalités territoriales d’accès aux soins : aux grands maux, les grands remèdes » (Bruno Rojouan), novembre 2024"
"sante";"Recentrer le remboursement de la téléconsultation et cibler les aides aux cabines sur les zones sous-dotées";"La téléconsultation donne lieu à des abus et ne bénéficie pas d’abord aux patients des zones sous-dotées, alors que les cabines installées en pharmacie sont aidées sans ciblage territorial.";"Ne rembourser la téléconsultation que pour les soins non programmés avec son médecin traitant ou un médecin désigné par la régulation, et pour les soins programmés dans le parcours de soins avec l’assistance d’un autre professionnel de santé (proposition n° 4) ; réserver les aides à l’installation et au fonctionnement des cabines de téléconsultation aux pharmacies des zones médicalement sous-dotées et les revaloriser en contrepartie (proposition n° 5).";"";"1";"https://www.senat.fr/rap/r24-137/r24-137_mono.html|https://www.senat.fr/fileadmin/Presse/Documents_pdf/20241113_Essentiel_Deserts_medicaux.pdf";"Sénat, commission de l’aménagement du territoire, rapport d’information « Inégalités territoriales d’accès aux soins : aux grands maux, les grands remèdes » (Bruno Rojouan), novembre 2024"
"sante";"Accélérer le recrutement des assistants médicaux pour redonner du temps de soins";"L’assistant médical fait gagner un temps précieux au bénéfice des patients, mais 6 000 postes seulement sont pourvus pour une cible de 10 000 en 2025, et les maisons de santé pluriprofessionnelles peinent à y recourir faute de convention adaptée.";"Assouplir les conditions d’octroi des aides au recrutement des assistants médicaux, en particulier pour les maisons de santé pluriprofessionnelles, et accélérer et amplifier les objectifs de recrutement en relevant la cible de déploiement (propositions n° 12 et 14).";"";"1";"https://www.senat.fr/rap/r24-137/r24-137_mono.html|https://www.senat.fr/fileadmin/Presse/Documents_pdf/20241113_Essentiel_Deserts_medicaux.pdf";"Sénat, commission de l’aménagement du territoire, rapport d’information « Inégalités territoriales d’accès aux soins : aux grands maux, les grands remèdes » (Bruno Rojouan), novembre 2024"
"sante";"Plafonner les rémunérations de l’intérim paramédical à l’hôpital";"60 000 professionnels paramédicaux ont effectué au moins une mission d’intérim en 2023, dont 45 % d’infirmiers et 45 % d’aides-soignants. Après l’intérim médical, ce recours se développe de façon non soutenable pour les finances hospitalières et déstabilise les équipes.";"Prévoir un plafonnement global des rémunérations des intérimaires paramédicaux incluant les coefficients de gestion (recommandation n° 10), clarifier le régime des contrats de vacataires, encadrer les contrats d’allocation d’études en interdisant les rachats entre établissements, et interdire l’exercice en établissement sous statut de micro-entrepreneur au personnel paramédical (recommandations n° 9, 11 et 12).";"";"1";"https://www.ccomptes.fr/fr/publications/securite-sociale-2025|https://www.ccomptes.fr/sites/default/files/2025-05/20250526-synthese-RALFSS-2025.pdf";"Cour des comptes, « La sécurité sociale 2025 », rapport sur l’application des lois de financement de la sécurité sociale, mai 2025"
"sante";"Adopter un programme pluriannuel de maîtrise des dépenses d’assurance maladie fondé sur la prévention";"Les dépenses de l’Ondam sont passées de 200 milliards d’euros en 2019 à 256 milliards en 2024, soit + 4,8 % par an depuis 2019, et l’objectif a été dépassé quatre années de suite. À tendance inchangée, environ 20 milliards d’euros d’économies seraient nécessaires d’ici 2029 pour tenir la trajectoire votée.";"Préparer, dès le projet de loi de financement pour 2026, un programme pluriannuel de mesures de maîtrise de la progression de l’Ondam : développer la prévention en santé (alcool chez les jeunes, obésité, maladies chroniques), réorganiser l’offre de soins des établissements de santé et médico-sociaux, et rechercher un partage des efforts entre les acteurs du système de santé (recommandation n° 5 du rapport).";"Économies à documenter d’environ 20 milliards d’euros d’ici 2029, soit 4 milliards par an en moyenne (Cour des comptes, avril 2025).";"0";"https://www.ccomptes.fr/sites/default/files/2025-04/20250414-Lobjectif-national-de-depenses-dassurance-maladie-Ondam.pdf|https://www.ccomptes.fr/fr/publications/securite-sociale-2025";"Cour des comptes, note « L’objectif national de dépenses d’assurance maladie (Ondam) », contribution à la revue des dépenses publiques, avril 2025, et rapport « La sécurité sociale 2025 »"
"sante";"Systématiser les contrôles anti-fraude de l’assurance maladie et suspendre les paiements douteux";"Les prescriptions restent en décalage avec les recommandations de la Haute Autorité de santé et les dépenses les plus dynamiques, comme les affections de longue durée et les transports sanitaires, sont insuffisamment contrôlées. Les remboursements indus ne sont que partiellement récupérés.";"Renforcer en première intention la lutte contre les fraudes et les remboursements indus : systématiser les contrôles, suspendre les paiements en cas de doute, et doter les caisses des moyens humains, juridiques et informatiques nécessaires ; soumettre les dépenses les plus dynamiques (affections de longue durée, transports sanitaires) à des contrôles systématiques par rapport aux règles existantes.";"";"1";"https://www.ccomptes.fr/sites/default/files/2025-04/20250414-Lobjectif-national-de-depenses-dassurance-maladie-Ondam.pdf|https://www.ccomptes.fr/fr/publications/securite-sociale-2025";"Cour des comptes, note « L’objectif national de dépenses d’assurance maladie (Ondam) », avril 2025"
"sante";"Mutualiser les fonctions support des hôpitaux publics avec une méthode commune de calcul des coûts";"Le personnel non soignant (administratif, logistique, technique) représente une part importante de la masse salariale hospitalière, sans méthode commune de mesure des coûts des fonctions support ni suivi des mutualisations, ce qui empêche de repérer les bonnes pratiques.";"Rendre obligatoire une méthode commune aux hôpitaux publics et privés de calcul du coût des unités d’œuvre des principales fonctions support, assurer un suivi des mutualisations pour identifier les bonnes pratiques, et accélérer dans tous les hôpitaux publics le déploiement des applicatifs de facturation et de recouvrement auprès des assurances complémentaires (recommandations n° 13 à 15).";"";"1";"https://www.ccomptes.fr/fr/publications/securite-sociale-2025|https://www.ccomptes.fr/sites/default/files/2025-05/20250526-synthese-RALFSS-2025.pdf";"Cour des comptes, « La sécurité sociale 2025 », rapport sur l’application des lois de financement de la sécurité sociale, mai 2025"
"education";"Expérimenter un recrutement d’enseignants sur diplôme et entretien, avec engagement de rester sur le poste";"Environ 1 110 postes d’enseignants sont restés non pourvus chaque année entre 2017 et 2021 et quelque 4 500 contractuels ont été recrutés en 2022. Les signes de perte d’attractivité se renforcent, surtout dans certaines académies et disciplines, et la formation initiale, dont le coût d’environ un milliard d’euros reste mal connu, ne stabilise pas les recrutements.";"Expérimenter, dans les académies en difficulté et les disciplines en tension, une nouvelle voie d’accès au métier par recrutement direct sur diplôme et entretiens, en contrepartie d’une affectation sur un poste précis avec engagement de l’enseignant d’y rester pendant la durée du contrat (trois à cinq ans), avec possibilité de titularisation ensuite ; cibler plus fortement les moyens sur les académies les moins attractives comme Créteil et Versailles.";"Formation initiale des enseignants : environ un milliard d’euros par an (Cour des comptes, 2023).";"0";"https://www.ccomptes.fr/fr/publications/devenir-enseignant-la-formation-initiale-et-le-recrutement-des-enseignants|https://www.ccomptes.fr/sites/default/files/2023-10/20230201-devenir-enseignant-recrutement-formation-initiale-enseignants.pdf";"Cour des comptes, « Devenir enseignant : la formation initiale et le recrutement des enseignants des premier et second degrés », février 2023"
"education";"Annualiser les heures de service des enseignants du second degré pour mieux remplacer les absences courtes";"En 2023-2024, 9 % des heures de cours obligatoires n’ont pas été assurées dans les collèges publics, un niveau un peu supérieur à l’avant-crise sanitaire, malgré la priorité affichée au remplacement depuis 2023. Les absences institutionnelles (réunions, formations) pèsent autant que les absences individuelles.";"Annualiser dès la rentrée 2027 les heures de service des enseignants du second degré afin, d’une part, de réduire les absences institutionnelles liées aux formations et au travail pédagogique et, d’autre part, d’améliorer le remplacement des absences de courte durée (recommandation n° 6, réitérée depuis 2021) ; accroître sans délai la réduction des absences dues aux réunions pédagogiques, conseils de classe et formation continue (recommandation n° 5).";"";"1";"https://www.ccomptes.fr/fr/publications/le-temps-denseignement-perdu-par-les-eleves-au-college|https://www.ccomptes.fr/sites/default/files/2025-12/20251212-Temps-enseignement-perdu-par-eleves-au-college_0.pdf";"Cour des comptes, « Le temps d’enseignement perdu par les élèves au collège », décembre 2025"
"education";"Remplacer l’affectation nationale à l’issue des concours internes par une affectation académique";"Le vivier d’enseignants remplaçants est mal réparti : la règle d’affectation nationale appliquée aux lauréats des concours internes éloigne des enseignants déjà en poste de leur académie et prive certaines académies de ressources dont elles disposaient.";"Remplacer, d’ici la rentrée 2027, la règle d’affectation nationale qui s’applique à l’issue des concours internes par une affectation académique, afin de mieux mobiliser le vivier d’enseignants là où les besoins de remplacement existent (recommandation n° 8 du rapport).";"";"1";"https://www.ccomptes.fr/fr/publications/le-temps-denseignement-perdu-par-les-eleves-au-college|https://www.ccomptes.fr/sites/default/files/2025-12/20251212-Temps-enseignement-perdu-par-eleves-au-college_0.pdf";"Cour des comptes, « Le temps d’enseignement perdu par les élèves au collège », décembre 2025"
"education";"Généraliser progressivement les directeurs d’école à temps plein, en commençant par les écoles regroupées";"Les 47 792 écoles du premier degré (6,3 millions d’élèves, 52 milliards d’euros par an) sont pilotées de façon trop centralisée, et le directeur d’école, le plus souvent chargé de classe, ne dispose ni du statut ni du temps nécessaires au management d’une équipe.";"Réformer le statut du directeur d’école en généralisant progressivement les emplois de directeur à temps plein, en commençant par les écoles regroupées (recommandation n° 4 du rapport).";"";"1";"https://www.ccomptes.fr/fr/publications/lenseignement-primaire|https://www.ccomptes.fr/sites/default/files/2025-05/20250520-synthese-Enseignement-primaire.pdf";"Cour des comptes, « L’enseignement primaire : une organisation en décalage avec les besoins des élèves », mai 2025"
"education";"Regrouper les écoles dans les territoires en baisse démographique et contractualiser avec les élus sur trois ans";"18 % des écoles comptent moins de deux classes et n’accueillent que 4,4 % des élèves. La baisse des effectifs scolaires est une occasion de redéfinir l’école autour du bien-être de l’élève, à condition d’associer les collectivités à la politique éducative.";"Systématiser les regroupements pédagogiques ou les regroupements d’écoles dans les territoires confrontés à la baisse des effectifs (recommandation n° 5) et établir des conventions triennales entre les élus et les services de l’éducation nationale pour objectiver la politique éducative du territoire (recommandation n° 6).";"";"1";"https://www.ccomptes.fr/fr/publications/lenseignement-primaire|https://www.ccomptes.fr/sites/default/files/2025-05/20250520-synthese-Enseignement-primaire.pdf";"Cour des comptes, « L’enseignement primaire : une organisation en décalage avec les besoins des élèves », mai 2025"
"education";"Permettre une affectation par département après le concours dans les académies en difficulté de recrutement";"Dans certaines académies, les difficultés de recrutement d’enseignants du premier degré sont importantes et les règles de mobilité géographique rigides empêchent de pourvoir les postes là où les besoins sont les plus forts.";"Dans les académies connaissant des difficultés importantes de recrutement, permettre une affectation par département à l’issue du concours et établir des règles facilitant la mobilité géographique des enseignants (recommandation n° 1 du rapport), en renforçant parallèlement la formation initiale et continue.";"";"1";"https://www.ccomptes.fr/fr/publications/lenseignement-primaire|https://www.ccomptes.fr/sites/default/files/2025-05/20250520-synthese-Enseignement-primaire.pdf";"Cour des comptes, « L’enseignement primaire : une organisation en décalage avec les besoins des élèves », mai 2025"
"education";"Recentrer les moyens de l’éducation prioritaire sur l’école primaire";"L’éducation prioritaire a mobilisé 1,657 milliard d’euros en 2017 pour 20 % des élèves, sans atteindre son objectif de réduction des écarts de réussite liés à l’origine sociale. Elle a mal ciblé ses moyens, en agissant davantage en faveur des collèges que des écoles primaires, où se jouent les apprentissages fondamentaux.";"Concentrer les moyens de l’éducation prioritaire sur le premier degré, en prolongeant la correction amorcée par le dédoublement des classes de CP et de CE1 en REP+ (qui a fait progresser le sur-encadrement en milieu urbain de 9,4 % à 14 %), et évaluer systématiquement les effets de chaque dispositif sur les résultats des élèves.";"Éducation prioritaire : 1,657 milliard d’euros en 2017, contre 1,4 milliard en 2016 (Cour des comptes, 2018).";"0";"https://www.ccomptes.fr/fr/publications/leducation-prioritaire|https://www.ccomptes.fr/system/files/2018-10/20181017-synthese-education-prioritaire_0.pdf";"Cour des comptes, « L’éducation prioritaire », rapport d’évaluation d’une politique publique, octobre 2018"
"education";"Expérimenter avec des régions volontaires un rapprochement des trois voies du lycée";"L’orientation au collège et au lycée reste insuffisamment accompagnée : la mission d’éducation à l’orientation confiée aux enseignants manque de moyens, les psychologues de l’éducation nationale se recentrent sur le suivi psychologique, et l’orientation scolaire est en décalage avec les besoins réels de formation des territoires.";"Expérimenter, avec les régions volontaires, les conditions d’un rapprochement des enseignements entre les voies professionnelle, technologique et générale du lycée, et généraliser la découverte des métiers au collège en lien avec les régions chargées du développement économique.";"";"1";"https://www.ccomptes.fr/sites/default/files/2025-03/20250319-RPA2025-volume1-orientation-college-lycee.pdf|https://www.ccomptes.fr/fr/publications/le-rapport-public-annuel-2025";"Cour des comptes, rapport public annuel 2025, chapitre « L’orientation au collège et au lycée », mars 2025"
"defense";"Sanctuariser les crédits de la réserve opérationnelle pour tenir l’objectif de 80 000 réservistes en 2030";"La loi de programmation militaire vise un doublement de la réserve opérationnelle pour atteindre 80 000 réservistes et 290 000 militaires en 2030. Or, ces dernières années et encore en 2024, les réserves ont servi de variable d’ajustement budgétaire, au détriment du recrutement et de l’activité des réservistes.";"Sanctuariser les moyens budgétaires de la réserve opérationnelle pour franchir les marches de recrutement, plus hautes en fin de programmation ; simplifier les parcours de recrutement ; préciser le régime d’emploi des réservistes, leurs sujétions et leurs compensations ; développer la réserve citoyenne comme maillon d’un système de défense plus global (recommandation n° 11 du rapport).";"";"1";"https://www.senat.fr/rap/r24-049/r24-049_mono.html|https://www.senat.fr/rap/r24-049/r24-049-syn.pdf|https://www.senat.fr/rap/a22-730/a22-730-syn.pdf";"Sénat, commission des affaires étrangères et de la défense, rapport d’information n° 49 « Pour rendre l’armée plus attractive : retenir, attirer, réunir » (Vivette Lopez, Marie-Arlette Carlotti), octobre 2024"
"defense";"Réduire les obligations de mobilité géographique des militaires pour freiner les départs";"Les armées ont enregistré 25 496 sorties définitives en 2023, le niveau le plus élevé depuis 2017, et les non-renouvellements de contrat ont augmenté de 70 % depuis 2018. Les effectifs réalisés sont inférieurs de 8 300 équivalents temps plein à l’objectif, et la mobilité imposée pèse lourdement sur les familles.";"Réduire les obligations de mobilité géographique des militaires et les compenser mieux lorsqu’elles sont inévitables, respecter le calendrier des nouvelles grilles indiciaires et renforcer le pilotage stratégique des ressources humaines à l’état-major (recommandations n° 2, 3 et 6 du rapport).";"";"1";"https://www.senat.fr/rap/r24-049/r24-049_mono.html|https://www.senat.fr/rap/r24-049/r24-049-syn.pdf";"Sénat, commission des affaires étrangères et de la défense, rapport d’information n° 49 « Pour rendre l’armée plus attractive : retenir, attirer, réunir » (Vivette Lopez, Marie-Arlette Carlotti), octobre 2024"
"defense";"Rénover la journée défense et citoyenneté et rendre les armées plus visibles dans les territoires";"Trente départements sont dépourvus d’implantation de l’armée de Terre depuis la réduction du format des armées, et les jeunes n’ont plus de contact direct avec l’institution militaire. La journée défense et citoyenneté, dans sa forme actuelle, ne joue plus son rôle de lien entre l’armée et la Nation.";"Rénover la journée défense et citoyenneté, rendre l’armée visible dans les territoires et normaliser la présence militaire dans la société, et centraliser la communication foisonnante des armées sur le recrutement sur un portail mieux identifié (recommandations n° 8 à 10 du rapport).";"";"1";"https://www.senat.fr/rap/r24-049/r24-049_mono.html|https://www.senat.fr/rap/r24-049/r24-049-syn.pdf";"Sénat, commission des affaires étrangères et de la défense, rapport d’information n° 49 « Pour rendre l’armée plus attractive : retenir, attirer, réunir » (Vivette Lopez, Marie-Arlette Carlotti), octobre 2024"
"defense";"Ramener le report de charges de la mission Défense à 10 % des crédits hors personnel d’ici 2030";"Le ministère des armées achète davantage qu’il ne peut payer dans l’année : le stock de report de charges est passé de 3,88 milliards d’euros de 2022 vers 2023 à environ 8,02 milliards de 2024 vers 2025, soit plus qu’un doublement en deux ans, ce qui fait peser un risque sérieux de soutenabilité sur la programmation.";"Reprendre rapidement le contrôle du report de charges en actant une trajectoire de réduction menant à un taux de 10 % des crédits hors dépenses de personnel en 2030, communiquer au Parlement le report de charges par programme et la trajectoire actualisée des dépenses de personnel (recommandations n° 4 et 5 du rapport).";"Report de charges : environ 8,02 milliards d’euros de 2024 vers 2025, contre 3,88 milliards deux ans plus tôt (Sénat, mai 2025).";"0";"https://www.senat.fr/rap/r24-615/r24-615.html|https://www.senat.fr/rap/r24-615/r24-615-syn.pdf";"Sénat, commission des finances, rapport d’information n° 615 « Perspectives de financement des objectifs fixés par la loi de programmation militaire » (Dominique de Legge), mai 2025"
"defense";"Financer l’effort de défense par des choix de dépenses explicites plutôt que par des reports de paiement";"La loi de programmation militaire 2024-2030 prévoit 413,3 milliards d’euros de besoins, dont 400 milliards de crédits budgétaires, avec 13,3 milliards de ressources complémentaires dont 5,9 milliards de ressources extrabudgétaires. Dans des finances publiques très dégradées, les engagements déjà pris rigidifient la mission et limitent la capacité à répondre aux aléas.";"Faire reposer l’effort de défense sur une progression graduelle financée par des économies réalisées ailleurs dans le budget de l’État, accélérer la capacité productive de la base industrielle de défense pour absorber la hausse des dépenses, et assainir l’exécution de la mission en dégageant des marges de manœuvre par des choix de dépenses explicites plutôt que par le report de charges.";"Loi de programmation militaire 2024-2030 : 413,3 milliards d’euros de besoins, 400 milliards de crédits de paiement, budget des armées porté à près de 70 milliards en 2030 (Sénat).";"0";"https://www.senat.fr/rap/r24-615/r24-615.html|https://www.senat.fr/rap/r24-615/r24-615-syn.pdf|https://www.senat.fr/rap/a22-730/a22-730-syn.pdf";"Sénat, commission des finances, rapport d’information n° 615 « Perspectives de financement des objectifs fixés par la loi de programmation militaire » (Dominique de Legge), mai 2025 ; avis n° 730 de la commission des finances sur le projet de loi de programmation militaire, juin 2023"
"defense";"Financer au niveau européen des usines d’armement activables en cas de conflit et des stocks de matières critiques";"La base industrielle et technologique de défense européenne (70 milliards d’euros de chiffre d’affaires en 2024, 500 000 emplois) n’a pas les capacités de production de masse nécessaires en cas de conflit de haute intensité, ni de stocks suffisants de matières premières critiques, contrairement aux États-Unis.";"Donner à l’Union européenne la possibilité de financer la construction d’usines d’armement activables en cas de conflit (munitions, missiles, drones, microprocesseurs) et la constitution de stocks de matières premières critiques (terres rares, poudre, explosifs, produits chimiques), et favoriser la standardisation des équipements au niveau européen (piste n° 11 du rapport).";"";"1";"https://www.senat.fr/rap/r25-184/r25-184_mono.html|https://www.senat.fr/rap/r25-184/r25-184-syn.pdf";"Sénat, commission des affaires étrangères et de la défense, rapport d’information n° 184 « BITDE : une ambition à muscler » (Pascal Allizard, Hélène Conway-Mouret), décembre 2025"
"defense";"Inscrire un changement d’échelle du financement de la défense dans le cadre financier européen 2028-2034";"Le Fonds européen de défense ne dispose que de 9,5 milliards d’euros sur le cycle 2021-2027, quand la seule DARPA américaine a disposé de 4,2 milliards de dollars pour l’année 2024, et la Banque européenne d’investissement exclut encore une large part des entreprises de défense de ses financements.";"Prévoir un cadre financier pluriannuel 2028-2034 marquant un changement d’échelle dans le financement de la défense, obtenir la modification de la doctrine d’investissement de la Banque européenne d’investissement afin qu’elle puisse financer l’ensemble des entreprises du secteur, et renforcer le soutien aux PME et ETI de la chaîne de valeur via les études amont (piste n° 12 du rapport).";"";"1";"https://www.senat.fr/rap/r25-184/r25-184_mono.html|https://www.senat.fr/rap/r25-184/r25-184-syn.pdf";"Sénat, commission des affaires étrangères et de la défense, rapport d’information n° 184 « BITDE : une ambition à muscler » (Pascal Allizard, Hélène Conway-Mouret), décembre 2025"
"defense";"Clarifier les objectifs du service national universel et chiffrer sa généralisation avant de décider";"Cinq ans après son lancement, les objectifs du SNU restent incertains et mal compris des jeunes ; la mixité sociale et l’engagement visés ne sont pas atteints. Le coût réel par jeune, proche de 2 900 euros en 2022, a été sous-estimé par le ministère, et la généralisation annoncée n’a fait l’objet d’aucune projection complète.";"Avant toute généralisation, clarifier les objectifs du dispositif et leurs modalités d’évaluation, lui donner une assise juridique, quantifier et programmer l’évolution des moyens de tous les financeurs publics dans une trajectoire pluriannuelle, et créer des centres d’hébergement pérennes pour maîtriser les coûts (recommandations n° 1, 4 et 5 du rapport).";"Coût proche de 2 900 euros par jeune en 2022 ; coûts de fonctionnement annuels d’une généralisation estimés entre 3,5 et 5 milliards d’euros, hors investissements (Cour des comptes, septembre 2024).";"0";"https://www.ccomptes.fr/fr/publications/le-service-national-universel-snu|https://www.ccomptes.fr/sites/default/files/2024-09/20240913-SNU.pdf";"Cour des comptes, « Le service national universel », rapport public thématique, septembre 2024"
